{"branch_id":"6c77b015-f2c6-4f3c-ad68-9e7a9292cfb0","name":"Portfolio","settings":{"physics":{"gravity":[0,-9.8,0]},"render":{"fog_end":1000,"fog_start":1,"global_ambient":[0.2,0.2,0.2],"tonemapping":0,"fog_color":[0,0,0],"fog":"none","skybox":null,"fog_density":0.01,"gamma_correction":1,"exposure":1,"lightmapSizeMultiplier":16,"lightmapMaxResolution":2048,"lightmapMode":1,"skyboxIntensity":1,"skyboxMip":0,"skyboxRotation":[0,0,0],"skyType":"infinite","skyMeshPosition":[0,0,0],"skyMeshRotation":[0,0,0],"skyMeshScale":[1,1,1],"skyCenter":[0,1,0],"lightmapFilterEnabled":false,"lightmapFilterRange":10,"lightmapFilterSmoothness":0.2,"ambientBake":false,"ambientBakeNumSamples":1,"ambientBakeSpherePart":0.4,"ambientBakeOcclusionBrightness":0,"ambientBakeOcclusionContrast":0,"clusteredLightingEnabled":true,"lightingCells":[10,3,10],"lightingMaxLightsPerCell":255,"lightingCookieAtlasResolution":2048,"lightingShadowAtlasResolution":2048,"lightingShadowType":0,"lightingCookiesEnabled":false,"lightingAreaLightsEnabled":false,"lightingShadowsEnabled":true}},"entities":{"605629d5-2d3d-467a-b36e-f4cbac4f3975":{"name":"Root","parent":null,"resource_id":"605629d5-2d3d-467a-b36e-f4cbac4f3975","tags":[],"enabled":true,"components":{},"scale":[1,1,1],"position":[0,0,0],"rotation":[0,0,0],"children":["beab4daa-fd72-44ea-9c50-ef5c9b92fda9","3fdd7079-3732-4ca6-bac0-b5bf6bdff6a4","96a0f39b-363f-4a32-b16e-efddeeb9a15c","3f57226a-e5a1-45b6-9107-cafdc0aea5c2","3956a7f2-d65e-40e7-b782-5c6a677bf62e","44276f3d-e861-46be-a400-ecb1f23bba2f","9bf73e8f-629b-4686-9609-a937f54b0c43","35b9bd7e-99ff-4e8f-9051-794d38f2282f","e0090eec-6d71-49d6-89e6-5ebbba31ceb4","eb264f8f-32d0-4275-b983-c9a815dab93e","873c5945-82d5-4d68-80ce-52fa48c51897","b2fae17d-fc86-4c5f-ae13-eba88fb032fc","1099e70c-0d80-4401-8ebc-eb98175c7934","49e56827-f163-4e9f-89f9-6b40e57b3052","56b5cbe8-9e32-4b79-912f-1b284aeb3d6c","41f189c8-c7da-48c6-aa61-56b4ca0c5aa3","62f38a37-f4e6-4274-bbf5-103dba81290e","9e19dd7e-9298-453d-9ffe-7d88800dc73a","41046dbc-7b1b-499c-b283-c8047dd9c7d2","1f8c463e-58ae-470b-a795-e335b9bfe252","a3bd92b9-8ef2-4fac-b8b4-cc9d7da75e18","3e96e287-ab7f-493e-a104-7644a0677445","c45ff20e-6470-44bd-a9ca-b36eac4c52c1","ead3a751-84a8-4f9d-8c92-c950b729f4f0"]},"94112f9c-86d7-4437-91a1-798413921fc1":{"name":"Camera","parent":"c2a3f2ff-f620-4667-aa0b-1c36027ab7e1","resource_id":"94112f9c-86d7-4437-91a1-798413921fc1","tags":[],"enabled":true,"components":{"camera":{"fov":45,"projection":0,"clearColor":[0.118,0.118,0.118,1],"clearColorBuffer":true,"clearDepthBuffer":true,"frustumCulling":true,"enabled":true,"orthoHeight":4,"farClip":1000,"nearClip":0.1,"priority":0,"rect":[0,0,1,1],"layers":[0,1,2,3,4],"gammaCorrection":1,"toneMapping":0},"script":{"enabled":true,"order":["PlayerLooker","bloom"],"scripts":{"PlayerLooker":{"enabled":true,"attributes":{"LookDistance":5,"PlayerEntity":"beab4daa-fd72-44ea-9c50-ef5c9b92fda9","TargetEntity":null,"defaultImageEntity":"3b287c77-814a-4a33-bd10-bbca630b43ee","interactionImageEntity":"6d0b2f4d-8c5f-4536-80a1-977b1364eef1","interactionText":"a236c50c-c8ee-462a-9dc4-7d1af17fbe5a","controlsGuide":"629629a2-104f-4482-9e83-42d6863ee9e5"}},"bloom":{"enabled":true,"attributes":{"bloomIntensity":1,"bloomThreshold":0.25,"blurAmount":2}}}}},"scale":[1,1,1],"position":[1.5762584346221045e-16,0,0],"rotation":[0,0,0],"children":[]},"3fdd7079-3732-4ca6-bac0-b5bf6bdff6a4":{"name":"Floor","parent":"605629d5-2d3d-467a-b36e-f4cbac4f3975","resource_id":"3fdd7079-3732-4ca6-bac0-b5bf6bdff6a4","tags":[],"enabled":true,"components":{"render":{"enabled":true,"type":"plane","asset":null,"materialAssets":[176111114],"castShadows":false,"receiveShadows":true,"lightmapped":false,"lightmapSizeMultiplier":1,"castShadowsLightmap":false,"rootBone":null,"isStatic":false,"layers":[0],"batchGroupId":null},"collision":{"enabled":true,"type":"box","halfExtents":[4,0.05,4],"radius":0.5,"axis":1,"height":2,"asset":null,"renderAsset":null,"linearOffset":[0,0,0],"angularOffset":[0,0,0]},"rigidbody":{"enabled":true,"type":"static","mass":1,"linearDamping":0,"angularDamping":0,"linearFactor":[1,1,1],"angularFactor":[1,1,1],"friction":1,"restitution":0.5}},"scale":[8,1,8],"position":[0,0,0],"rotation":[0,0,0],"children":[]},"beab4daa-fd72-44ea-9c50-ef5c9b92fda9":{"name":"Player","tags":["Player"],"enabled":true,"resource_id":"beab4daa-fd72-44ea-9c50-ef5c9b92fda9","parent":"605629d5-2d3d-467a-b36e-f4cbac4f3975","children":["c2a3f2ff-f620-4667-aa0b-1c36027ab7e1"],"position":[0,0.9163480401039124,3.179859143028891],"rotation":[0,0,0],"scale":[1,1,1],"components":{"render":{"enabled":false,"type":"capsule","asset":null,"materialAssets":[null],"layers":[0],"batchGroupId":null,"castShadows":false,"castShadowsLightmap":false,"receiveShadows":false,"lightmapped":false,"lightmapSizeMultiplier":1,"castShadowsLightMap":true,"lightMapped":false,"lightMapSizeMultiplier":1,"isStatic":false,"rootBone":null},"rigidbody":{"enabled":true,"type":"dynamic","mass":18,"linearDamping":1,"angularDamping":0,"linearFactor":[1,1,1],"angularFactor":[0,0,0],"friction":1,"restitution":1},"collision":{"enabled":true,"type":"capsule","halfExtents":[0.5,0.5,0.5],"radius":0.5,"axis":1,"height":2,"asset":null,"renderAsset":null,"linearOffset":[0,0,0],"angularOffset":[0,0,0]},"script":{"enabled":true,"order":["firstPersonController","gameLoader"],"scripts":{"firstPersonController":{"enabled":true,"attributes":{"camera":"94112f9c-86d7-4437-91a1-798413921fc1","lookSpeed":0.1,"shiftFactor":1,"walkingSpeed":4000,"lookLimit":50,"IsActive":true,"head":"c2a3f2ff-f620-4667-aa0b-1c36027ab7e1"}},"gameLoader":{"enabled":true,"attributes":{}}}}}},"96a0f39b-363f-4a32-b16e-efddeeb9a15c":{"name":"2D Screen","tags":[],"enabled":true,"resource_id":"96a0f39b-363f-4a32-b16e-efddeeb9a15c","parent":"605629d5-2d3d-467a-b36e-f4cbac4f3975","children":["3b287c77-814a-4a33-bd10-bbca630b43ee","6d0b2f4d-8c5f-4536-80a1-977b1364eef1","629629a2-104f-4482-9e83-42d6863ee9e5"],"position":[0,7.732945229800948,0],"rotation":[0,0,0],"scale":[1,1,1],"components":{"screen":{"enabled":true,"screenSpace":true,"scaleMode":"blend","scaleBlend":0.5,"resolution":[1280,720],"referenceResolution":[1920,1080],"priority":0}}},"3b287c77-814a-4a33-bd10-bbca630b43ee":{"name":"DefaultCrosshair","tags":[],"enabled":true,"resource_id":"3b287c77-814a-4a33-bd10-bbca630b43ee","parent":"96a0f39b-363f-4a32-b16e-efddeeb9a15c","children":[],"position":[0,0,0],"rotation":[0,0,0],"scale":[1,1,1],"components":{"element":{"enabled":true,"type":"image","anchor":[0.5,0.5,0.5,0.5],"pivot":[0.5,0.5],"text":"","key":null,"fontAsset":170164917,"fontSize":32,"minFontSize":8,"maxFontSize":32,"autoFitWidth":false,"autoFitHeight":false,"maxLines":null,"lineHeight":32,"wrapLines":true,"spacing":1,"color":[1,1,1],"opacity":1,"textureAsset":171558912,"spriteAsset":null,"spriteFrame":0,"pixelsPerUnit":null,"width":8,"height":8,"margin":[-4,-4,-4,-4],"alignment":[0.5,0.5],"outlineColor":[0,0,0,1],"outlineThickness":0,"shadowColor":[0,0,0,1],"shadowOffset":[0,0],"rect":[0,0,1,1],"materialAsset":null,"autoWidth":false,"autoHeight":false,"fitMode":"stretch","useInput":false,"batchGroupId":null,"mask":false,"layers":[4],"enableMarkup":false},"anim":{"stateGraphAsset":171566735,"animationAssets":{"Base:Initial State":{"asset":null}},"enabled":true,"speed":1,"activate":true,"playing":false,"rootBone":null,"masks":{},"normalizeWeights":false}}},"b8f36528-193a-44b1-80fa-8d858df07fe7":{"name":"InteractionCrossHair","tags":[],"enabled":true,"resource_id":"b8f36528-193a-44b1-80fa-8d858df07fe7","parent":"6d0b2f4d-8c5f-4536-80a1-977b1364eef1","children":[],"position":[0,1.2855772898204805,0],"rotation":[0,0,0],"scale":[1,1,1],"components":{"element":{"enabled":true,"type":"image","anchor":[0.5,0.5,0.5,0.5],"pivot":[0.5,0.5],"text":"","key":null,"fontAsset":170164917,"fontSize":32,"minFontSize":8,"maxFontSize":32,"autoFitWidth":false,"autoFitHeight":false,"maxLines":null,"lineHeight":32,"wrapLines":true,"spacing":1,"color":[1,1,1],"opacity":1,"textureAsset":176100394,"spriteAsset":null,"spriteFrame":0,"pixelsPerUnit":null,"width":64,"height":64,"margin":[-32,-30.714,-32,-33.286],"alignment":[0.5,0.5],"outlineColor":[0,0,0,1],"outlineThickness":0,"shadowColor":[0,0,0,1],"shadowOffset":[0,0],"rect":[0,0,1,1],"materialAsset":null,"autoWidth":false,"autoHeight":false,"fitMode":"contain","useInput":false,"batchGroupId":null,"mask":false,"layers":[4],"enableMarkup":false}}},"593441b9-3b7a-4d9b-81b8-a7ef16fa2396":{"name":"Box","tags":[],"enabled":true,"resource_id":"593441b9-3b7a-4d9b-81b8-a7ef16fa2396","parent":"3f57226a-e5a1-45b6-9107-cafdc0aea5c2","children":[],"position":[4.0139055252075195,1.6358100175857544,0.010872840881347656],"rotation":[0,0,0],"scale":[0.1,11.07,8],"components":{"render":{"enabled":true,"type":"box","asset":null,"materialAssets":[174805458],"layers":[0],"batchGroupId":null,"castShadows":false,"castShadowsLightmap":false,"receiveShadows":true,"lightmapped":false,"lightmapSizeMultiplier":1,"castShadowsLightMap":true,"lightMapped":false,"lightMapSizeMultiplier":1,"isStatic":false,"rootBone":null},"collision":{"enabled":true,"type":"box","halfExtents":[0.05,4,4],"radius":0.5,"axis":1,"height":2,"asset":null,"renderAsset":null,"linearOffset":[0,0,0],"angularOffset":[0,0,0]},"rigidbody":{"enabled":true,"type":"static","mass":1,"linearDamping":0,"angularDamping":0,"linearFactor":[1,1,1],"angularFactor":[1,1,1],"friction":0.5,"restitution":0.5}},"template_id":174805462,"template_ent_ids":{"593441b9-3b7a-4d9b-81b8-a7ef16fa2396":"762257db-4ffd-4f49-9c08-09609afced81"}},"3f57226a-e5a1-45b6-9107-cafdc0aea5c2":{"name":"Walls","tags":[],"enabled":true,"resource_id":"3f57226a-e5a1-45b6-9107-cafdc0aea5c2","parent":"605629d5-2d3d-467a-b36e-f4cbac4f3975","children":["593441b9-3b7a-4d9b-81b8-a7ef16fa2396","3ba413a6-f023-4475-8750-d2319f14369d","2d827b71-6988-4dcc-be37-4f0c4fc38349","5b53b22f-ab0a-47ba-9730-0aad5ac4a324","b602b24a-5cf8-41f0-9063-550ec4be4574","47337f23-d433-4e41-a969-1561aaeeca44","bab9ac07-5671-4f3a-87f7-75c6b221c38a","d5e84727-e5d2-4aa5-9456-3e7167bb0ef1","1e7073f1-7725-48c3-8df2-6ec6f4b5de43"],"position":[0,0,0],"rotation":[0,0,0],"scale":[1,1,1],"components":{}},"3956a7f2-d65e-40e7-b782-5c6a677bf62e":{"name":"Omni Light","tags":[],"enabled":true,"resource_id":"3956a7f2-d65e-40e7-b782-5c6a677bf62e","parent":"605629d5-2d3d-467a-b36e-f4cbac4f3975","children":[],"position":[2.3834569454193115,2.3975822925567627,-2.701696135913021],"rotation":[0,0,0],"scale":[1,1,1],"components":{"light":{"enabled":true,"type":"point","bake":true,"bakeArea":0,"bakeNumSamples":1,"bakeDir":true,"affectDynamic":true,"affectLightmapped":false,"affectSpecularity":true,"color":[1,0.22745098039215686,0.22745098039215686],"intensity":0.7,"castShadows":true,"shadowUpdateMode":1,"shadowType":0,"vsmBlurMode":1,"vsmBlurSize":11,"vsmBias":0.01,"shadowDistance":16,"shadowIntensity":1,"shadowResolution":256,"numCascades":1,"cascadeDistribution":0.5,"shadowBias":0.2,"normalOffsetBias":0.05,"range":8,"falloffMode":0,"innerConeAngle":40,"outerConeAngle":45,"shape":0,"cookieAsset":null,"cookieIntensity":1,"cookieFalloff":true,"cookieChannel":"rgb","cookieAngle":0,"cookieScale":[1,1],"cookieOffset":[0,0],"isStatic":true,"layers":[0]}}},"44276f3d-e861-46be-a400-ecb1f23bba2f":{"name":"Omni Light","tags":[],"enabled":true,"resource_id":"44276f3d-e861-46be-a400-ecb1f23bba2f","parent":"605629d5-2d3d-467a-b36e-f4cbac4f3975","children":[],"position":[-2.294053792953491,2.3975822925567627,-2.6597292207824057],"rotation":[0,0,0],"scale":[1,1,1],"components":{"light":{"enabled":true,"type":"point","bake":true,"bakeArea":0,"bakeNumSamples":1,"bakeDir":true,"affectDynamic":true,"affectLightmapped":false,"affectSpecularity":true,"color":[0.22745098039215686,0.22745098039215686,1],"intensity":0.7,"castShadows":true,"shadowUpdateMode":1,"shadowType":0,"vsmBlurMode":1,"vsmBlurSize":11,"vsmBias":0.01,"shadowDistance":16,"shadowIntensity":1,"shadowResolution":256,"numCascades":1,"cascadeDistribution":0.5,"shadowBias":0.2,"normalOffsetBias":0.05,"range":8,"falloffMode":0,"innerConeAngle":40,"outerConeAngle":45,"shape":0,"cookieAsset":null,"cookieIntensity":1,"cookieFalloff":true,"cookieChannel":"rgb","cookieAngle":0,"cookieScale":[1,1],"cookieOffset":[0,0],"isStatic":true,"layers":[0]}}},"873c5945-82d5-4d68-80ce-52fa48c51897":{"enabled":true,"tags":[],"children":["ba457aef-3826-45c3-8ac3-c43216f76568","898d107d-b8f1-46fb-b89a-c9bfb412ef3e","e769a1a7-a231-474e-8e11-c636069c5bf7"],"position":[4.440892098500626e-15,3.5,-3.872684955596924],"rotation":[0,0,0],"scale":[0.01,0.01,0.01],"resource_id":"873c5945-82d5-4d68-80ce-52fa48c51897","name":"NeonText","components":{},"parent":"605629d5-2d3d-467a-b36e-f4cbac4f3975","template_ent_ids":{"873c5945-82d5-4d68-80ce-52fa48c51897":"4320bd3f-1e8c-4c3b-bdbc-d88c4d571904","5da58a41-80d0-4ea4-8ac0-0395c1062cde":"cc348642-1614-4117-9d10-92ebe9339130","ba457aef-3826-45c3-8ac3-c43216f76568":"31835524-353f-491b-b0c4-b05f2d0149b0"},"template_id":175854803},"a236c50c-c8ee-462a-9dc4-7d1af17fbe5a":{"name":"InteractionMessage","tags":[],"enabled":true,"resource_id":"a236c50c-c8ee-462a-9dc4-7d1af17fbe5a","parent":"6d0b2f4d-8c5f-4536-80a1-977b1364eef1","children":[],"position":[1.4210854397564648e-14,-43.95906925116242,0],"rotation":[0,0,0],"scale":[1,1,1],"components":{"element":{"enabled":true,"type":"text","anchor":[0.5,0.5,0.5,0.5],"pivot":[0.5,0.5],"text":"View Project","key":null,"fontAsset":175938618,"fontSize":24,"minFontSize":8,"maxFontSize":32,"autoFitWidth":false,"autoFitHeight":false,"maxLines":null,"lineHeight":32,"wrapLines":true,"spacing":1,"color":[1,0.596078431372549,0.01568627450980392],"opacity":1,"textureAsset":null,"spriteAsset":null,"spriteFrame":0,"pixelsPerUnit":null,"width":151.456,"height":31.072,"margin":[-56.796,-55.611,-56.796,32.307],"alignment":[0.5,0.5],"outlineColor":[0,0,0,1],"outlineThickness":0.5,"shadowColor":[0,0,0,1],"shadowOffset":[0,0],"rect":[0,0,1,1],"materialAsset":null,"autoWidth":true,"autoHeight":true,"fitMode":"stretch","useInput":false,"batchGroupId":null,"mask":false,"layers":[4],"enableMarkup":false}}},"35b9bd7e-99ff-4e8f-9051-794d38f2282f":{"name":"ArcadeMachine_TheWidow","tags":[],"enabled":true,"resource_id":"35b9bd7e-99ff-4e8f-9051-794d38f2282f","parent":"605629d5-2d3d-467a-b36e-f4cbac4f3975","children":["b512486c-d6e9-44de-9b63-94efcf513465","ddc4108d-422d-4cfc-9cec-ec516534719b"],"position":[-1,-2.220446049250313e-15,-3.3573262691497803],"rotation":[0,0,0],"scale":[1,1,1],"components":{"script":{"enabled":true,"order":["interactable"],"scripts":{"interactable":{"enabled":true,"attributes":{"panelName":"widowPanel","isExternalLink":false,"interactionMessage":"View","DetailsText":"ddc4108d-422d-4cfc-9cec-ec516534719b"}}}},"collision":{"enabled":true,"type":"box","halfExtents":[0.5,1,0.5],"radius":0.5,"axis":1,"height":2,"asset":null,"renderAsset":null,"linearOffset":[0,1,0],"angularOffset":[0,0,0]},"rigidbody":{"enabled":true,"type":"static","mass":1,"linearDamping":0,"angularDamping":0,"linearFactor":[1,1,1],"angularFactor":[1,1,1],"friction":0.5,"restitution":0.5}},"template_id":175834011,"template_ent_ids":{"35b9bd7e-99ff-4e8f-9051-794d38f2282f":"c3f3f066-e14d-45ad-84db-a8932804c21b","b512486c-d6e9-44de-9b63-94efcf513465":"6448551b-59f6-42cf-a92d-e6c97cdb8ffe","ddc4108d-422d-4cfc-9cec-ec516534719b":"747f007c-14a3-4a5c-9aa9-fd86467a1f9b"}},"b512486c-d6e9-44de-9b63-94efcf513465":{"name":"Plane","tags":[],"enabled":true,"resource_id":"b512486c-d6e9-44de-9b63-94efcf513465","parent":"35b9bd7e-99ff-4e8f-9051-794d38f2282f","children":[],"position":[0,0,0],"rotation":[-90,-90,0],"scale":[0.5,0.5,0.5],"components":{"render":{"enabled":true,"type":"asset","asset":191804966,"materialAssets":[175834008,175834579,177073044],"layers":[0],"batchGroupId":null,"castShadows":true,"castShadowsLightmap":true,"receiveShadows":true,"lightmapped":false,"lightmapSizeMultiplier":1,"castShadowsLightMap":true,"lightMapped":false,"lightMapSizeMultiplier":1,"isStatic":false,"rootBone":null},"script":{"enabled":true,"order":["videoTexture","tvScreen"],"scripts":{"videoTexture":{"enabled":true,"attributes":{"videoAsset":177073147,"videoUrl":"","playEvent":"theWidow"}},"tvScreen":{"enabled":true,"attributes":{"screenMaterial":177073044,"playEvent":"theWidow"}}}}}},"eb264f8f-32d0-4275-b983-c9a815dab93e":{"name":"ArcadeMachine_MeteoricWars","tags":[],"enabled":true,"resource_id":"eb264f8f-32d0-4275-b983-c9a815dab93e","parent":"605629d5-2d3d-467a-b36e-f4cbac4f3975","children":["003dbc89-4507-4956-b059-29843b36bf5b","ac5e46b5-4bec-4bee-921e-532fcc46c4c3"],"position":[3,-2.220446049250313e-15,-3.3573262691497803],"rotation":[0,0,0],"scale":[1,1,1],"components":{"script":{"enabled":true,"order":["interactable"],"scripts":{"interactable":{"enabled":true,"attributes":{"panelName":"spacePanel","isExternalLink":false,"interactionMessage":"View","DetailsText":"ac5e46b5-4bec-4bee-921e-532fcc46c4c3"}}}},"collision":{"enabled":true,"type":"box","halfExtents":[0.5,1,0.5],"radius":0.5,"axis":1,"height":2,"asset":null,"renderAsset":null,"linearOffset":[0,1,0],"angularOffset":[0,0,0]},"rigidbody":{"enabled":true,"type":"static","mass":1,"linearDamping":0,"angularDamping":0,"linearFactor":[1,1,1],"angularFactor":[1,1,1],"friction":0.5,"restitution":0.5}},"template_id":175834011,"template_ent_ids":{"eb264f8f-32d0-4275-b983-c9a815dab93e":"c3f3f066-e14d-45ad-84db-a8932804c21b","003dbc89-4507-4956-b059-29843b36bf5b":"6448551b-59f6-42cf-a92d-e6c97cdb8ffe","ac5e46b5-4bec-4bee-921e-532fcc46c4c3":"747f007c-14a3-4a5c-9aa9-fd86467a1f9b"}},"003dbc89-4507-4956-b059-29843b36bf5b":{"name":"Plane","tags":[],"enabled":true,"resource_id":"003dbc89-4507-4956-b059-29843b36bf5b","parent":"eb264f8f-32d0-4275-b983-c9a815dab93e","children":[],"position":[0,0,0],"rotation":[-90,-90,0],"scale":[0.5,0.5,0.5],"components":{"render":{"enabled":true,"type":"asset","asset":191804966,"materialAssets":[175834008,175834644,177071297],"layers":[0],"batchGroupId":null,"castShadows":true,"castShadowsLightmap":true,"receiveShadows":true,"lightmapped":false,"lightmapSizeMultiplier":1,"castShadowsLightMap":true,"lightMapped":false,"lightMapSizeMultiplier":1,"isStatic":false,"rootBone":null},"script":{"enabled":true,"order":["videoTexture","tvScreen"],"scripts":{"videoTexture":{"enabled":true,"attributes":{"videoAsset":177071463,"videoUrl":"","playEvent":"meteoricWars"}},"tvScreen":{"enabled":true,"attributes":{"screenMaterial":177071297,"playEvent":"meteoricWars"}}}}}},"6d0b2f4d-8c5f-4536-80a1-977b1364eef1":{"name":"InteractiveCursor","tags":[],"enabled":true,"resource_id":"6d0b2f4d-8c5f-4536-80a1-977b1364eef1","parent":"96a0f39b-363f-4a32-b16e-efddeeb9a15c","children":["a236c50c-c8ee-462a-9dc4-7d1af17fbe5a","b8f36528-193a-44b1-80fa-8d858df07fe7"],"position":[0,0,0],"rotation":[0,0,0],"scale":[1,1,1],"components":{}},"9dca8d55-7d15-4ba7-b8c4-567ae75cd3ca":{"name":"Omni Light","tags":[],"enabled":true,"resource_id":"9dca8d55-7d15-4ba7-b8c4-567ae75cd3ca","parent":"62f38a37-f4e6-4274-bbf5-103dba81290e","children":[],"position":[-0.02126155813542141,0.04499483108520508,0.4133423429240324],"rotation":[0,-78.49694660940072,0],"scale":[1,1,1],"components":{"light":{"enabled":true,"type":"point","bake":true,"bakeArea":0,"bakeNumSamples":1,"bakeDir":true,"affectDynamic":true,"affectLightmapped":false,"affectSpecularity":true,"color":[1,0.8705882352941177,0.22745098039215686],"intensity":2,"castShadows":true,"shadowUpdateMode":1,"shadowType":0,"vsmBlurMode":1,"vsmBlurSize":11,"vsmBias":0.01,"shadowDistance":16,"shadowIntensity":1,"shadowResolution":256,"numCascades":1,"cascadeDistribution":0.5,"shadowBias":0.2,"normalOffsetBias":0.05,"range":2,"falloffMode":0,"innerConeAngle":40,"outerConeAngle":45,"shape":0,"cookieAsset":null,"cookieIntensity":1,"cookieFalloff":true,"cookieChannel":"rgb","cookieAngle":0,"cookieScale":[1,1],"cookieOffset":[0,0],"isStatic":true,"layers":[0]}}},"56b5cbe8-9e32-4b79-912f-1b284aeb3d6c":{"enabled":true,"tags":[],"children":["24233465-78dc-4943-b01b-69bfe73abaa5"],"position":[-3.199583229999796,0.879612386226654,0.08642661029087334],"rotation":[0,-21.9151135338874,0],"scale":[1,1,1],"resource_id":"56b5cbe8-9e32-4b79-912f-1b284aeb3d6c","name":"Laptop","components":{"collision":{"enabled":true,"type":"box","halfExtents":[0.041,0.25,0.3],"radius":0.5,"axis":1,"height":2,"asset":null,"renderAsset":null,"linearOffset":[-0.245,0.3,0],"angularOffset":[0,0,0]},"script":{"enabled":true,"order":["interactable"],"scripts":{"interactable":{"enabled":true,"attributes":{"panelName":"https://www.linkedin.com/in/tyradman","isExternalLink":true,"interactionMessage":"Open my LinkedIn","DetailsText":null}}}}},"parent":"605629d5-2d3d-467a-b36e-f4cbac4f3975","template_ent_ids":{"56b5cbe8-9e32-4b79-912f-1b284aeb3d6c":"d3ef4dbe-3302-4ea1-ba65-36f19c3022f7","24233465-78dc-4943-b01b-69bfe73abaa5":"062ba8f5-5f20-46f7-9001-6f2427665885"},"template_id":175946638},"24233465-78dc-4943-b01b-69bfe73abaa5":{"enabled":true,"tags":[],"children":[],"position":[0,0,0],"rotation":[-90,0,0],"scale":[0.25,0.25,0.25],"resource_id":"24233465-78dc-4943-b01b-69bfe73abaa5","name":"Plane","components":{"render":{"enabled":true,"type":"asset","asset":175946637,"materialAssets":[175834008,175946635],"layers":[0],"batchGroupId":null,"castShadows":true,"castShadowsLightmap":true,"receiveShadows":true,"lightmapped":false,"lightmapSizeMultiplier":1,"castShadowsLightMap":true,"lightMapped":false,"lightMapSizeMultiplier":1,"isStatic":false,"rootBone":null}},"parent":"56b5cbe8-9e32-4b79-912f-1b284aeb3d6c"},"629629a2-104f-4482-9e83-42d6863ee9e5":{"name":"ControlsGuide","tags":[],"enabled":true,"resource_id":"629629a2-104f-4482-9e83-42d6863ee9e5","parent":"96a0f39b-363f-4a32-b16e-efddeeb9a15c","children":["82986de7-ae4e-4b70-afd9-fd9e8b59d4c9","fb4e2144-5ac0-4016-ba87-1842c2d23e2c","e43445eb-c40b-4d96-947e-cfc092ab86e3","81844a74-389f-44ee-8b5d-19f1b5bcfa97","04181195-a0c2-4e12-96e3-d7e9bbad9f7b"],"position":[0,0,0],"rotation":[0,0,0],"scale":[1,1,1],"components":{"script":{"enabled":true,"order":["controlGuidesController"],"scripts":{"controlGuidesController":{"enabled":true,"attributes":{"leftClickIcon":"81844a74-389f-44ee-8b5d-19f1b5bcfa97","rightClickIcon":"e43445eb-c40b-4d96-947e-cfc092ab86e3","movementIcon":"04181195-a0c2-4e12-96e3-d7e9bbad9f7b"}}}}}},"e43445eb-c40b-4d96-947e-cfc092ab86e3":{"name":"RightClick","tags":[],"enabled":true,"resource_id":"e43445eb-c40b-4d96-947e-cfc092ab86e3","parent":"629629a2-104f-4482-9e83-42d6863ee9e5","children":["7031bb8d-7df9-4f1e-bf11-634e421bb5a9"],"position":[-22.24207463709797,31.113993644714355,-5.329070518200751e-13],"rotation":[0,0,0],"scale":[0.7,0.7,1],"components":{"element":{"enabled":true,"type":"image","anchor":[1,0,1,0],"pivot":[1,0],"text":"","key":null,"fontAsset":175938618,"fontSize":32,"minFontSize":8,"maxFontSize":32,"autoFitWidth":false,"autoFitHeight":false,"maxLines":null,"lineHeight":32,"wrapLines":true,"spacing":1,"color":[1,1,1],"opacity":1,"textureAsset":176100393,"spriteAsset":null,"spriteFrame":0,"pixelsPerUnit":null,"width":150,"height":150,"margin":[-172.242,31.114,22.242,-181.114],"alignment":[0.5,0.5],"outlineColor":[0,0,0,1],"outlineThickness":0,"shadowColor":[0,0,0,1],"shadowOffset":[0,0],"rect":[0,0,1,1],"materialAsset":null,"autoWidth":false,"autoHeight":false,"fitMode":"stretch","useInput":false,"batchGroupId":null,"mask":false,"layers":[4],"enableMarkup":false}}},"82986de7-ae4e-4b70-afd9-fd9e8b59d4c9":{"name":"Image","tags":[],"enabled":false,"resource_id":"82986de7-ae4e-4b70-afd9-fd9e8b59d4c9","parent":"629629a2-104f-4482-9e83-42d6863ee9e5","children":[],"position":[0,0,0],"rotation":[0,0,0],"scale":[1,1,1],"components":{"element":{"enabled":true,"type":"image","anchor":[1,0,1,0],"pivot":[1,0],"text":"","key":null,"fontAsset":175938618,"fontSize":32,"minFontSize":8,"maxFontSize":32,"autoFitWidth":false,"autoFitHeight":false,"maxLines":null,"lineHeight":32,"wrapLines":true,"spacing":1,"color":[0,0,0],"opacity":0.5,"textureAsset":171558912,"spriteAsset":null,"spriteFrame":0,"pixelsPerUnit":null,"width":300,"height":150,"margin":[-300,0,0,-150],"alignment":[0.5,0.5],"outlineColor":[0,0,0,1],"outlineThickness":0,"shadowColor":[0,0,0,1],"shadowOffset":[0,0],"rect":[0,0,1,1],"materialAsset":null,"autoWidth":false,"autoHeight":false,"fitMode":"stretch","useInput":false,"batchGroupId":null,"mask":false,"layers":[4],"enableMarkup":false}}},"7031bb8d-7df9-4f1e-bf11-634e421bb5a9":{"name":"Text","tags":[],"enabled":true,"resource_id":"7031bb8d-7df9-4f1e-bf11-634e421bb5a9","parent":"e43445eb-c40b-4d96-947e-cfc092ab86e3","children":[],"position":[-0.000034332275390625,-83.22964036326164,0],"rotation":[0,0,0],"scale":[1,1,1],"components":{"element":{"enabled":true,"type":"text","anchor":[0.5,0.5,0.5,0.5],"pivot":[0.5,0.5],"text":"Return","key":null,"fontAsset":175938618,"fontSize":32,"minFontSize":8,"maxFontSize":32,"autoFitWidth":false,"autoFitHeight":false,"maxLines":null,"lineHeight":32,"wrapLines":true,"spacing":1,"color":[1,1,1],"opacity":1,"textureAsset":null,"spriteAsset":null,"spriteFrame":0,"pixelsPerUnit":null,"width":83.264,"height":31.072,"margin":[-41.632,-98.766,-41.632,67.694],"alignment":[0.5,0.5],"outlineColor":[0,0,0,1],"outlineThickness":0,"shadowColor":[0,0,0,1],"shadowOffset":[0,0],"rect":[0,0,1,1],"materialAsset":null,"autoWidth":true,"autoHeight":true,"fitMode":"stretch","useInput":false,"batchGroupId":null,"mask":false,"layers":[4],"enableMarkup":false}}},"81844a74-389f-44ee-8b5d-19f1b5bcfa97":{"name":"LeftClick","tags":[],"enabled":true,"resource_id":"81844a74-389f-44ee-8b5d-19f1b5bcfa97","parent":"629629a2-104f-4482-9e83-42d6863ee9e5","children":["62696705-f73e-44f0-bbc4-5c8bb4f13660"],"position":[-22.24207463709797,31.113993644714355,-5.329070518200751e-13],"rotation":[0,0,0],"scale":[0.7,0.7,1],"components":{"element":{"enabled":true,"type":"image","anchor":[1,0,1,0],"pivot":[1,0],"text":"","key":null,"fontAsset":175938618,"fontSize":32,"minFontSize":8,"maxFontSize":32,"autoFitWidth":false,"autoFitHeight":false,"maxLines":null,"lineHeight":32,"wrapLines":true,"spacing":1,"color":[1,1,1],"opacity":1,"textureAsset":176100394,"spriteAsset":null,"spriteFrame":0,"pixelsPerUnit":null,"width":150,"height":150,"margin":[-172.242,31.114,22.242,-181.114],"alignment":[0.5,0.5],"outlineColor":[0,0,0,1],"outlineThickness":0,"shadowColor":[0,0,0,1],"shadowOffset":[0,0],"rect":[0,0,1,1],"materialAsset":null,"autoWidth":false,"autoHeight":false,"fitMode":"stretch","useInput":false,"batchGroupId":null,"mask":false,"layers":[4],"enableMarkup":false}}},"62696705-f73e-44f0-bbc4-5c8bb4f13660":{"name":"Text","tags":[],"enabled":true,"resource_id":"62696705-f73e-44f0-bbc4-5c8bb4f13660","parent":"81844a74-389f-44ee-8b5d-19f1b5bcfa97","children":[],"position":[0,-83.23,0],"rotation":[0,0,0],"scale":[1,1,1],"components":{"element":{"enabled":true,"type":"text","anchor":[0.5,0.5,0.5,0.5],"pivot":[0.5,0.5],"text":"Interact","key":null,"fontAsset":175938618,"fontSize":32,"minFontSize":8,"maxFontSize":32,"autoFitWidth":false,"autoFitHeight":false,"maxLines":null,"lineHeight":32,"wrapLines":true,"spacing":1,"color":[1,1,1],"opacity":1,"textureAsset":null,"spriteAsset":null,"spriteFrame":0,"pixelsPerUnit":null,"width":102.848,"height":31.072,"margin":[-51.424,-98.766,-51.424,67.694],"alignment":[0.5,0.5],"outlineColor":[0,0,0,1],"outlineThickness":0,"shadowColor":[0,0,0,1],"shadowOffset":[0,0],"rect":[0,0,1,1],"materialAsset":null,"autoWidth":true,"autoHeight":true,"fitMode":"stretch","useInput":false,"batchGroupId":null,"mask":false,"layers":[4],"enableMarkup":false}}},"04181195-a0c2-4e12-96e3-d7e9bbad9f7b":{"name":"Keyboard","tags":[],"enabled":true,"resource_id":"04181195-a0c2-4e12-96e3-d7e9bbad9f7b","parent":"629629a2-104f-4482-9e83-42d6863ee9e5","children":["1eec40f5-a726-4e32-85b3-cd66852fea4c"],"position":[-151.71603775024414,31.113993644714355,-5.329070518200751e-13],"rotation":[0,0,0],"scale":[0.7,0.7,1],"components":{"element":{"enabled":true,"type":"image","anchor":[1,0,1,0],"pivot":[1,0],"text":"","key":null,"fontAsset":175938618,"fontSize":32,"minFontSize":8,"maxFontSize":32,"autoFitWidth":false,"autoFitHeight":false,"maxLines":null,"lineHeight":32,"wrapLines":true,"spacing":1,"color":[1,1,1],"opacity":1,"textureAsset":176108710,"spriteAsset":null,"spriteFrame":0,"pixelsPerUnit":null,"width":150,"height":150,"margin":[-301.716,31.114,151.716,-181.114],"alignment":[0.5,0.5],"outlineColor":[0,0,0,1],"outlineThickness":0,"shadowColor":[0,0,0,1],"shadowOffset":[0,0],"rect":[0,0,1,1],"materialAsset":null,"autoWidth":false,"autoHeight":false,"fitMode":"stretch","useInput":false,"batchGroupId":null,"mask":false,"layers":[4],"enableMarkup":false}}},"1eec40f5-a726-4e32-85b3-cd66852fea4c":{"name":"Text","tags":[],"enabled":true,"resource_id":"1eec40f5-a726-4e32-85b3-cd66852fea4c","parent":"04181195-a0c2-4e12-96e3-d7e9bbad9f7b","children":[],"position":[0,-83.23,0],"rotation":[0,0,0],"scale":[1,1,1],"components":{"element":{"enabled":true,"type":"text","anchor":[0.5,0.5,0.5,0.5],"pivot":[0.5,0.5],"text":"Movement","key":null,"fontAsset":175938618,"fontSize":32,"minFontSize":8,"maxFontSize":32,"autoFitWidth":false,"autoFitHeight":false,"maxLines":null,"lineHeight":32,"wrapLines":true,"spacing":1,"color":[1,1,1],"opacity":1,"textureAsset":null,"spriteAsset":null,"spriteFrame":0,"pixelsPerUnit":null,"width":120.352,"height":31.072,"margin":[-60.176,-98.766,-60.176,67.694],"alignment":[0.5,0.5],"outlineColor":[0,0,0,1],"outlineThickness":0,"shadowColor":[0,0,0,1],"shadowOffset":[0,0],"rect":[0,0,1,1],"materialAsset":null,"autoWidth":true,"autoHeight":true,"fitMode":"stretch","useInput":false,"batchGroupId":null,"mask":false,"layers":[4],"enableMarkup":false}}},"41f189c8-c7da-48c6-aa61-56b4ca0c5aa3":{"enabled":true,"tags":[],"children":["7655e6ff-0f52-4328-94ff-981c94ebfddf","97f6a5b1-64e3-4474-a641-8dcfe693c676"],"position":[-3.4716084003448486,1.1264420539495061,2.0144364833831787],"rotation":[0,0,0],"scale":[1,1,1],"resource_id":"41f189c8-c7da-48c6-aa61-56b4ca0c5aa3","name":"Computer","components":{"collision":{"enabled":true,"type":"box","halfExtents":[0.265,0.506,0.265],"radius":0.5,"axis":1,"height":2,"asset":null,"renderAsset":null,"linearOffset":[0,0,0],"angularOffset":[0,0,0]},"script":{"enabled":true,"order":["interactable"],"scripts":{"interactable":{"enabled":true,"attributes":{"panelName":"aboutMePanel","isExternalLink":false,"interactionMessage":"Contact Me","DetailsText":null}}}}},"parent":"605629d5-2d3d-467a-b36e-f4cbac4f3975","template_ent_ids":{"41f189c8-c7da-48c6-aa61-56b4ca0c5aa3":"509ca342-792e-4cd1-af4e-5eb3228aef9e","7655e6ff-0f52-4328-94ff-981c94ebfddf":"463c5335-348e-46e2-9345-e5a1448bb619","97f6a5b1-64e3-4474-a641-8dcfe693c676":"f17a52c8-8667-41f5-b653-5c8c5d08f315"},"template_id":176110999},"7655e6ff-0f52-4328-94ff-981c94ebfddf":{"enabled":true,"tags":[],"children":[],"position":[0,0,0],"rotation":[-90,0,0],"scale":[0.3,0.3,0.3],"resource_id":"7655e6ff-0f52-4328-94ff-981c94ebfddf","name":"Plane.001","components":{"render":{"enabled":true,"type":"asset","asset":176110997,"materialAssets":[175834008,176110995],"layers":[0],"batchGroupId":null,"castShadows":true,"castShadowsLightmap":true,"receiveShadows":true,"lightmapped":false,"lightmapSizeMultiplier":1,"castShadowsLightMap":true,"lightMapped":false,"lightMapSizeMultiplier":1,"isStatic":false,"rootBone":null}},"parent":"41f189c8-c7da-48c6-aa61-56b4ca0c5aa3"},"97f6a5b1-64e3-4474-a641-8dcfe693c676":{"enabled":true,"tags":[],"children":[],"position":[0.6813064869754966,-0.24826037883758545,0],"rotation":[-90,-9.776,0],"scale":[0.3,0.3,0.3],"resource_id":"97f6a5b1-64e3-4474-a641-8dcfe693c676","name":"Plane.002","components":{"render":{"enabled":true,"type":"asset","asset":176110998,"materialAssets":[175834008],"layers":[0],"batchGroupId":null,"castShadows":true,"castShadowsLightmap":true,"receiveShadows":true,"lightmapped":false,"lightmapSizeMultiplier":1,"castShadowsLightMap":true,"lightMapped":false,"lightMapSizeMultiplier":1,"isStatic":false,"rootBone":null}},"parent":"41f189c8-c7da-48c6-aa61-56b4ca0c5aa3"},"fb4e2144-5ac0-4016-ba87-1842c2d23e2c":{"name":"Image","tags":[],"enabled":true,"resource_id":"fb4e2144-5ac0-4016-ba87-1842c2d23e2c","parent":"629629a2-104f-4482-9e83-42d6863ee9e5","children":[],"position":[0,0,0],"rotation":[0,0,0],"scale":[1,1,1],"components":{"element":{"enabled":true,"type":"image","anchor":[1,0,1,0],"pivot":[1,0],"text":"","key":null,"fontAsset":175938618,"fontSize":32,"minFontSize":8,"maxFontSize":32,"autoFitWidth":false,"autoFitHeight":false,"maxLines":null,"lineHeight":32,"wrapLines":true,"spacing":1,"color":[0,0,0],"opacity":0.5,"textureAsset":176111161,"spriteAsset":null,"spriteFrame":0,"pixelsPerUnit":null,"width":300,"height":150,"margin":[-300,0,0,-150],"alignment":[0.5,0.5],"outlineColor":[0,0,0,1],"outlineThickness":0,"shadowColor":[0,0,0,1],"shadowOffset":[0,0],"rect":[0,0,1,1],"materialAsset":null,"autoWidth":false,"autoHeight":false,"fitMode":"stretch","useInput":false,"batchGroupId":null,"mask":false,"layers":[4],"enableMarkup":false}}},"62f38a37-f4e6-4274-bbf5-103dba81290e":{"enabled":true,"tags":[],"children":["ddb9c447-ecaa-437b-bd99-591719e636af","9dca8d55-7d15-4ba7-b8c4-567ae75cd3ca"],"position":[-3.806657248590242,1.657278060913086,1.0924426044466062],"rotation":[0,78.4969467242652,0],"scale":[1,1,1],"resource_id":"62f38a37-f4e6-4274-bbf5-103dba81290e","name":"Lamp","components":{},"parent":"605629d5-2d3d-467a-b36e-f4cbac4f3975","template_ent_ids":{"62f38a37-f4e6-4274-bbf5-103dba81290e":"6326e195-a1dc-4b1e-913f-c7c03c9855f7","ddb9c447-ecaa-437b-bd99-591719e636af":"4938bc55-bfa5-437c-91e9-b0890c6795a9"},"template_id":176112975},"ddb9c447-ecaa-437b-bd99-591719e636af":{"enabled":true,"tags":[],"children":[],"position":[7.45058e-7,0,0],"rotation":[-0.987309,0,0],"scale":[0.2,0.2,0.2],"resource_id":"ddb9c447-ecaa-437b-bd99-591719e636af","name":"Circle.001","components":{"render":{"enabled":true,"type":"asset","asset":176112974,"materialAssets":[175834008],"layers":[0],"batchGroupId":null,"castShadows":true,"castShadowsLightmap":true,"receiveShadows":true,"lightmapped":false,"lightmapSizeMultiplier":1,"castShadowsLightMap":true,"lightMapped":false,"lightMapSizeMultiplier":1,"isStatic":false,"rootBone":null}},"parent":"62f38a37-f4e6-4274-bbf5-103dba81290e"},"e0090eec-6d71-49d6-89e6-5ebbba31ceb4":{"name":"ArcadeMachine_Tanklike","tags":[],"enabled":true,"resource_id":"e0090eec-6d71-49d6-89e6-5ebbba31ceb4","parent":"605629d5-2d3d-467a-b36e-f4cbac4f3975","children":["d68827f3-18bc-4530-9fbd-d6f64ea68dfc","a74d65c0-9b0c-4d9e-b3a9-03b40d1702e4"],"position":[1,-2.220446049250313e-15,-3.3573262691497803],"rotation":[0,0,0],"scale":[1,1,1],"components":{"script":{"enabled":true,"order":["interactable"],"scripts":{"interactable":{"enabled":true,"attributes":{"panelName":"tanklikePanel","isExternalLink":false,"interactionMessage":"View","DetailsText":"a74d65c0-9b0c-4d9e-b3a9-03b40d1702e4"}}}},"collision":{"enabled":true,"type":"box","halfExtents":[0.5,1,0.5],"radius":0.5,"axis":1,"height":2,"asset":null,"renderAsset":null,"linearOffset":[0,1,0],"angularOffset":[0,0,0]},"rigidbody":{"enabled":true,"type":"static","mass":1,"linearDamping":0,"angularDamping":0,"linearFactor":[1,1,1],"angularFactor":[1,1,1],"friction":0.5,"restitution":0.5}},"template_id":175834011,"template_ent_ids":{"e0090eec-6d71-49d6-89e6-5ebbba31ceb4":"c3f3f066-e14d-45ad-84db-a8932804c21b","d68827f3-18bc-4530-9fbd-d6f64ea68dfc":"6448551b-59f6-42cf-a92d-e6c97cdb8ffe","a74d65c0-9b0c-4d9e-b3a9-03b40d1702e4":"747f007c-14a3-4a5c-9aa9-fd86467a1f9b"}},"d68827f3-18bc-4530-9fbd-d6f64ea68dfc":{"name":"Plane","tags":[],"enabled":true,"resource_id":"d68827f3-18bc-4530-9fbd-d6f64ea68dfc","parent":"e0090eec-6d71-49d6-89e6-5ebbba31ceb4","children":[],"position":[0,0,0],"rotation":[-90,-90,0],"scale":[0.5,0.5,0.5],"components":{"render":{"enabled":true,"type":"asset","asset":191804966,"materialAssets":[175834008,176646845,177072618],"layers":[0],"batchGroupId":null,"castShadows":true,"castShadowsLightmap":true,"receiveShadows":true,"lightmapped":false,"lightmapSizeMultiplier":1,"castShadowsLightMap":true,"lightMapped":false,"lightMapSizeMultiplier":1,"isStatic":false,"rootBone":null},"script":{"enabled":true,"order":["videoTexture","tvScreen"],"scripts":{"tvScreen":{"enabled":true,"attributes":{"screenMaterial":177072618,"playEvent":"tanklike"}},"videoTexture":{"enabled":true,"attributes":{"videoAsset":177072636,"videoUrl":"","playEvent":"tanklike"}}}}}},"c2a3f2ff-f620-4667-aa0b-1c36027ab7e1":{"name":"Head","tags":[],"enabled":true,"resource_id":"c2a3f2ff-f620-4667-aa0b-1c36027ab7e1","parent":"beab4daa-fd72-44ea-9c50-ef5c9b92fda9","children":["94112f9c-86d7-4437-91a1-798413921fc1"],"position":[0,0.9043728709220886,0],"rotation":[0,0,1.9802362446728922e-7],"scale":[1,1,1],"components":{}},"9bf73e8f-629b-4686-9609-a937f54b0c43":{"name":"ArcadeMachine_BossLab","tags":[],"enabled":true,"resource_id":"9bf73e8f-629b-4686-9609-a937f54b0c43","parent":"605629d5-2d3d-467a-b36e-f4cbac4f3975","children":["998970ec-3a86-42bb-96d7-b9a358cba8bc","a85d21bf-bdfc-45ca-9764-cb83a74277e9"],"position":[-3,-2.220446049250313e-15,-3.357],"rotation":[-1.4033419209422e-14,-1.2722218725854065e-14,1.5580225120517267e-30],"scale":[1,1,1],"components":{"script":{"enabled":true,"order":["interactable"],"scripts":{"interactable":{"enabled":true,"attributes":{"panelName":"bossLabPanel","isExternalLink":false,"interactionMessage":"View","DetailsText":"a85d21bf-bdfc-45ca-9764-cb83a74277e9"}}}},"collision":{"enabled":true,"type":"box","halfExtents":[0.5,1,0.5],"radius":0.5,"axis":1,"height":2,"asset":null,"renderAsset":null,"linearOffset":[0,1,0],"angularOffset":[0,0,0]},"rigidbody":{"enabled":true,"type":"static","mass":1,"linearDamping":0,"angularDamping":0,"linearFactor":[1,1,1],"angularFactor":[1,1,1],"friction":0.5,"restitution":0.5}},"template_id":175834011,"template_ent_ids":{"9bf73e8f-629b-4686-9609-a937f54b0c43":"c3f3f066-e14d-45ad-84db-a8932804c21b","998970ec-3a86-42bb-96d7-b9a358cba8bc":"6448551b-59f6-42cf-a92d-e6c97cdb8ffe","a85d21bf-bdfc-45ca-9764-cb83a74277e9":"747f007c-14a3-4a5c-9aa9-fd86467a1f9b"}},"998970ec-3a86-42bb-96d7-b9a358cba8bc":{"name":"Plane","tags":[],"enabled":true,"resource_id":"998970ec-3a86-42bb-96d7-b9a358cba8bc","parent":"9bf73e8f-629b-4686-9609-a937f54b0c43","children":[],"position":[0,0,0],"rotation":[-90,-90,0],"scale":[0.5,0.5,0.5],"components":{"render":{"enabled":true,"type":"asset","asset":191804966,"materialAssets":[175834008,176773370,191717215],"layers":[0],"batchGroupId":null,"castShadows":true,"castShadowsLightmap":true,"receiveShadows":true,"lightmapped":false,"lightmapSizeMultiplier":1,"castShadowsLightMap":true,"lightMapped":false,"lightMapSizeMultiplier":1,"isStatic":false,"rootBone":null},"script":{"enabled":true,"order":["videoTexture","tvScreen"],"scripts":{"videoTexture":{"enabled":true,"attributes":{"videoAsset":191804920,"videoUrl":"","playEvent":"bossLab"}},"tvScreen":{"enabled":true,"attributes":{"screenMaterial":191717215,"playEvent":"bossLab"}}}}}},"9e19dd7e-9298-453d-9ffe-7d88800dc73a":{"enabled":true,"tags":[],"children":["62d718ba-71cf-4e61-82d9-07b8c61a0a67"],"position":[-2.8103622629085003,0.8972615599632263,1.3943391178860165],"rotation":[-2.5406884856159905e-14,-69.1158142890656,1.9683311699402808e-14],"scale":[1,1,1],"resource_id":"9e19dd7e-9298-453d-9ffe-7d88800dc73a","name":"CVFolder","components":{"collision":{"enabled":true,"type":"box","halfExtents":[0.243,0.02,0.3],"radius":0.5,"axis":1,"height":2,"asset":null,"renderAsset":null,"linearOffset":[0,0,0],"angularOffset":[0,0,0]},"script":{"enabled":true,"order":["interactable"],"scripts":{"interactable":{"enabled":true,"attributes":{"panelName":"https://drive.google.com/file/d/1Fr_dFLXFPu2PEeceFfsJwl34bzG82mQh/view","isExternalLink":true,"interactionMessage":"Download CV","DetailsText":null}}}}},"parent":"605629d5-2d3d-467a-b36e-f4cbac4f3975","template_ent_ids":{"9e19dd7e-9298-453d-9ffe-7d88800dc73a":"32e3883d-0cae-400c-9f5f-b65723dbe0ae","62d718ba-71cf-4e61-82d9-07b8c61a0a67":"3aa0055e-cb4e-44a8-b1c1-064d22505261"},"template_id":176819616},"62d718ba-71cf-4e61-82d9-07b8c61a0a67":{"enabled":true,"tags":[],"children":[],"position":[0,0,0],"rotation":[90,-5.75742e-13,0],"scale":[-0.02,0.02,0.02],"resource_id":"62d718ba-71cf-4e61-82d9-07b8c61a0a67","name":"CVFile","components":{"render":{"enabled":true,"type":"asset","asset":176819615,"materialAssets":[175834008],"layers":[0],"batchGroupId":null,"castShadows":true,"castShadowsLightmap":true,"receiveShadows":true,"lightmapped":false,"lightmapSizeMultiplier":1,"castShadowsLightMap":true,"lightMapped":false,"lightMapSizeMultiplier":1,"isStatic":false,"rootBone":null}},"parent":"9e19dd7e-9298-453d-9ffe-7d88800dc73a"},"41046dbc-7b1b-499c-b283-c8047dd9c7d2":{"enabled":true,"tags":[],"children":["e0435c13-d164-4a19-a5b1-95d692f6c660"],"position":[3.0173754692077637,1.1072611808776855,-0.08482280612401782],"rotation":[180,37.93694006786049,180],"scale":[1,1,1],"resource_id":"41046dbc-7b1b-499c-b283-c8047dd9c7d2","name":"VRHeadset","components":{"collision":{"enabled":true,"type":"box","halfExtents":[0.232,0.156,0.2],"radius":0.5,"axis":1,"height":2,"asset":null,"renderAsset":null,"linearOffset":[0.11,-0.075,0],"angularOffset":[0,0,0]},"script":{"enabled":true,"order":["interactable"],"scripts":{"interactable":{"enabled":true,"attributes":{"panelName":"metroVancouverPanel","isExternalLink":false,"interactionMessage":"View VR Project","DetailsText":null}}}}},"parent":"605629d5-2d3d-467a-b36e-f4cbac4f3975","template_ent_ids":{"41046dbc-7b1b-499c-b283-c8047dd9c7d2":"d89f528d-40c1-4b4f-813d-8abebfbf5564","e0435c13-d164-4a19-a5b1-95d692f6c660":"e97cb8b5-dfcf-40dc-ab97-af2c088daf70"},"template_id":176870086},"e0435c13-d164-4a19-a5b1-95d692f6c660":{"enabled":true,"tags":[],"children":[],"position":[0,0,0],"rotation":[-93.70813803596234,0,10.111968617675954],"scale":[0.12,0.12,0.12],"resource_id":"e0435c13-d164-4a19-a5b1-95d692f6c660","name":"Plane","components":{"render":{"enabled":true,"type":"asset","asset":176870085,"materialAssets":[175834008],"layers":[0],"batchGroupId":null,"castShadows":true,"castShadowsLightmap":true,"receiveShadows":true,"lightmapped":false,"lightmapSizeMultiplier":1,"castShadowsLightMap":true,"lightMapped":false,"lightMapSizeMultiplier":1,"isStatic":false,"rootBone":null}},"parent":"41046dbc-7b1b-499c-b283-c8047dd9c7d2"},"1e7073f1-7725-48c3-8df2-6ec6f4b5de43":{"enabled":true,"tags":[],"children":["6404babf-7e0a-4754-8803-d0385a42c482"],"position":[0,6.928412437438965,0],"rotation":[0,90,0],"scale":[1,1,1],"resource_id":"1e7073f1-7725-48c3-8df2-6ec6f4b5de43","name":"Roof","components":{},"parent":"3f57226a-e5a1-45b6-9107-cafdc0aea5c2","template_ent_ids":{"1e7073f1-7725-48c3-8df2-6ec6f4b5de43":"ce0694c6-26de-4ba8-92ab-46f5e8abc258","6404babf-7e0a-4754-8803-d0385a42c482":"0b6ed030-af07-4e31-8919-95c8d1dfe510"},"template_id":177015594},"6404babf-7e0a-4754-8803-d0385a42c482":{"enabled":true,"tags":[],"children":[],"position":[3.7919083992312984e-16,0,1.707723725380113],"rotation":[-90,0,0],"scale":[1,0.92,0.38],"resource_id":"6404babf-7e0a-4754-8803-d0385a42c482","name":"Cube","components":{"render":{"enabled":true,"type":"asset","asset":177015593,"materialAssets":[175834008],"layers":[0],"batchGroupId":null,"castShadows":true,"castShadowsLightmap":true,"receiveShadows":true,"lightmapped":false,"lightmapSizeMultiplier":1,"castShadowsLightMap":true,"lightMapped":false,"lightMapSizeMultiplier":1,"isStatic":false,"rootBone":null}},"parent":"1e7073f1-7725-48c3-8df2-6ec6f4b5de43"},"49e56827-f163-4e9f-89f9-6b40e57b3052":{"name":"Table","tags":[],"enabled":true,"resource_id":"49e56827-f163-4e9f-89f9-6b40e57b3052","parent":"605629d5-2d3d-467a-b36e-f4cbac4f3975","children":["d1f1fd63-46a4-4d0c-b10c-348e299c49c6"],"position":[0,-0.1203876495006968,0],"rotation":[0,0,0],"scale":[1,1,1],"components":{"collision":{"enabled":true,"type":"box","halfExtents":[0.866,0.505,1.527],"radius":0.5,"axis":1,"height":2,"asset":null,"renderAsset":null,"linearOffset":[-3.325,0.495,1.165],"angularOffset":[0,0,0]},"rigidbody":{"enabled":true,"type":"static","mass":1,"linearDamping":0,"angularDamping":0,"linearFactor":[1,1,1],"angularFactor":[1,1,1],"friction":0.5,"restitution":0.5}},"template_id":175944792,"template_ent_ids":{"49e56827-f163-4e9f-89f9-6b40e57b3052":"8fd6f97c-c511-4741-9b62-c68459626da5","d1f1fd63-46a4-4d0c-b10c-348e299c49c6":"f23d315d-f8f2-469e-9c97-0904f3851f88"}},"d1f1fd63-46a4-4d0c-b10c-348e299c49c6":{"name":"Plane","tags":[],"enabled":true,"resource_id":"d1f1fd63-46a4-4d0c-b10c-348e299c49c6","parent":"49e56827-f163-4e9f-89f9-6b40e57b3052","children":[],"position":[-3.323115093465018,0.00002384185791015625,1.160390853881836],"rotation":[-90,0,0],"scale":[0.6371865479124119,1.5272048852420532,0.5],"components":{"render":{"enabled":true,"type":"asset","asset":175944791,"materialAssets":[175834008],"layers":[0],"batchGroupId":null,"castShadows":true,"castShadowsLightmap":true,"receiveShadows":true,"lightmapped":false,"lightmapSizeMultiplier":1,"castShadowsLightMap":true,"lightMapped":false,"lightMapSizeMultiplier":1,"isStatic":false,"rootBone":null}}},"c45ff20e-6470-44bd-a9ca-b36eac4c52c1":{"name":"Table","tags":[],"enabled":true,"resource_id":"c45ff20e-6470-44bd-a9ca-b36eac4c52c1","parent":"605629d5-2d3d-467a-b36e-f4cbac4f3975","children":["605e6faa-1d7d-4e70-950b-b428a2112bcd"],"position":[6.414560794830322,-0.12038765102624893,-0.29123249888830005],"rotation":[0,0,0],"scale":[1,1,1],"components":{"collision":{"enabled":true,"type":"box","halfExtents":[0.866,0.505,1.527],"radius":0.5,"axis":1,"height":2,"asset":null,"renderAsset":null,"linearOffset":[-3.325,0.495,1.165],"angularOffset":[0,0,0]},"rigidbody":{"enabled":true,"type":"static","mass":1,"linearDamping":0,"angularDamping":0,"linearFactor":[1,1,1],"angularFactor":[1,1,1],"friction":0.5,"restitution":0.5}},"template_id":175944792,"template_ent_ids":{"c45ff20e-6470-44bd-a9ca-b36eac4c52c1":"8fd6f97c-c511-4741-9b62-c68459626da5","605e6faa-1d7d-4e70-950b-b428a2112bcd":"f23d315d-f8f2-469e-9c97-0904f3851f88"}},"605e6faa-1d7d-4e70-950b-b428a2112bcd":{"name":"Plane","tags":[],"enabled":true,"resource_id":"605e6faa-1d7d-4e70-950b-b428a2112bcd","parent":"c45ff20e-6470-44bd-a9ca-b36eac4c52c1","children":[],"position":[-3.323115093465018,0.00002384185791015625,1.160390853881836],"rotation":[-90,0,0],"scale":[0.6371865479124119,1.5272048852420532,0.5],"components":{"render":{"enabled":true,"type":"asset","asset":175944791,"materialAssets":[175834008],"layers":[0],"batchGroupId":null,"castShadows":true,"castShadowsLightmap":true,"receiveShadows":true,"lightmapped":false,"lightmapSizeMultiplier":1,"castShadowsLightMap":true,"lightMapped":false,"lightMapSizeMultiplier":1,"isStatic":false,"rootBone":null}}},"9b03fe18-edce-42ba-ba6e-591efc6588b0":{"enabled":true,"tags":[],"children":["3f6ee9cc-629d-4acc-9536-794b39a416ca"],"position":[4.440892098500626e-16,0.1627153754234314,0.2581719138559979],"rotation":[-89.99999999999993,-68.28479304714742,89.9999999999999],"scale":[1,1,1],"resource_id":"9b03fe18-edce-42ba-ba6e-591efc6588b0","name":"HandheldConsole","components":{"collision":{"enabled":true,"type":"box","halfExtents":[0.044,0.175,0.108],"radius":0.5,"axis":1,"height":2,"asset":null,"renderAsset":null,"linearOffset":[0,0.185,0],"angularOffset":[0,0,0]},"script":{"enabled":true,"order":["interactable"],"scripts":{"interactable":{"enabled":true,"attributes":{"panelName":"battleCityPanel","isExternalLink":false,"interactionMessage":"View small side projects","DetailsText":null}}}}},"parent":"1f8c463e-58ae-470b-a795-e335b9bfe252","template_ent_ids":{"9b03fe18-edce-42ba-ba6e-591efc6588b0":"4a2080e4-e2ce-466c-bb3b-2cd1007e24f1","3f6ee9cc-629d-4acc-9536-794b39a416ca":"425dfc5b-0b74-4ec2-acc9-feb88a422131"},"template_id":177435067},"3f6ee9cc-629d-4acc-9536-794b39a416ca":{"enabled":true,"tags":[],"children":[],"position":[0,0,0],"rotation":[-90,0,0],"scale":[0.1,0.1,0.1],"resource_id":"3f6ee9cc-629d-4acc-9536-794b39a416ca","name":"Cube","components":{"render":{"enabled":true,"type":"asset","asset":177435066,"materialAssets":[175834008,177435240],"layers":[0],"batchGroupId":null,"castShadows":true,"castShadowsLightmap":false,"receiveShadows":true,"lightmapped":false,"lightmapSizeMultiplier":1,"castShadowsLightMap":true,"lightMapped":false,"lightMapSizeMultiplier":1,"isStatic":false,"rootBone":null},"script":{"enabled":true,"order":["videoTexture","tvScreen"],"scripts":{"videoTexture":{"enabled":true,"attributes":{"videoAsset":184971263,"videoUrl":"","playEvent":"minigames"}},"tvScreen":{"enabled":true,"attributes":{"screenMaterial":177435240,"playEvent":"minigames"}}}}},"parent":"9b03fe18-edce-42ba-ba6e-591efc6588b0"},"1f8c463e-58ae-470b-a795-e335b9bfe252":{"enabled":true,"tags":[],"children":["7bb74556-1f3b-4a56-afc2-f2fd24610767","9b03fe18-edce-42ba-ba6e-591efc6588b0"],"position":[2.8418333667329874,0.8829875588417053,0.7240436673164368],"rotation":[0,-87.83354519950835,0],"scale":[1,1,1],"resource_id":"1f8c463e-58ae-470b-a795-e335b9bfe252","name":"ConsoleStand","components":{},"parent":"605629d5-2d3d-467a-b36e-f4cbac4f3975","template_ent_ids":{"1f8c463e-58ae-470b-a795-e335b9bfe252":"4851d12a-90b8-4c7b-908d-0dbb4cbc2b62","7bb74556-1f3b-4a56-afc2-f2fd24610767":"9aa9f0c2-5f93-42c1-a993-6b883eca1658"},"template_id":178084585},"7bb74556-1f3b-4a56-afc2-f2fd24610767":{"enabled":true,"tags":[],"children":[],"position":[0,0,0],"rotation":[-90,0,0],"scale":[0.2,0.2,0.2],"resource_id":"7bb74556-1f3b-4a56-afc2-f2fd24610767","name":"Cube","components":{"render":{"enabled":true,"type":"asset","asset":178084584,"materialAssets":[175834008],"layers":[0],"batchGroupId":null,"castShadows":true,"castShadowsLightmap":true,"receiveShadows":true,"lightmapped":false,"lightmapSizeMultiplier":1,"castShadowsLightMap":true,"lightMapped":false,"lightMapSizeMultiplier":1,"isStatic":false,"rootBone":null}},"parent":"1f8c463e-58ae-470b-a795-e335b9bfe252"},"bab9ac07-5671-4f3a-87f7-75c6b221c38a":{"name":"Box","tags":[],"enabled":true,"resource_id":"bab9ac07-5671-4f3a-87f7-75c6b221c38a","parent":"3f57226a-e5a1-45b6-9107-cafdc0aea5c2","children":[],"position":[0.013905525207519531,1.6358100175857544,-3.9891271591186523],"rotation":[0,90,0],"scale":[0.1,11.07,8],"components":{"render":{"enabled":true,"type":"box","asset":null,"materialAssets":[174805458],"layers":[0],"batchGroupId":null,"castShadows":false,"castShadowsLightmap":false,"receiveShadows":false,"lightmapped":false,"lightmapSizeMultiplier":1,"castShadowsLightMap":true,"lightMapped":false,"lightMapSizeMultiplier":1,"isStatic":false,"rootBone":null},"collision":{"enabled":true,"type":"box","halfExtents":[0.05,4,4],"radius":0.5,"axis":1,"height":2,"convexHull":false,"asset":null,"renderAsset":null,"linearOffset":[0,0,0],"angularOffset":[0,0,0]},"rigidbody":{"enabled":true,"type":"static","mass":1,"linearDamping":0,"angularDamping":0,"linearFactor":[1,1,1],"angularFactor":[1,1,1],"friction":0.5,"restitution":0.5}},"template_id":174805462,"template_ent_ids":{"bab9ac07-5671-4f3a-87f7-75c6b221c38a":"762257db-4ffd-4f49-9c08-09609afced81"}},"d5e84727-e5d2-4aa5-9456-3e7167bb0ef1":{"name":"Box","tags":[],"enabled":true,"resource_id":"d5e84727-e5d2-4aa5-9456-3e7167bb0ef1","parent":"3f57226a-e5a1-45b6-9107-cafdc0aea5c2","children":[],"position":[0.013905525207519531,1.6358100175857544,4],"rotation":[0,90,0],"scale":[0.1,11.07,8],"components":{"render":{"enabled":true,"type":"box","asset":null,"materialAssets":[174805458],"layers":[0],"batchGroupId":null,"castShadows":false,"castShadowsLightmap":false,"receiveShadows":false,"lightmapped":false,"lightmapSizeMultiplier":1,"castShadowsLightMap":true,"lightMapped":false,"lightMapSizeMultiplier":1,"isStatic":false,"rootBone":null},"collision":{"enabled":true,"type":"box","halfExtents":[0.05,4,4],"radius":0.5,"axis":1,"height":2,"convexHull":false,"asset":null,"renderAsset":null,"linearOffset":[0,0,0],"angularOffset":[0,0,0]},"rigidbody":{"enabled":true,"type":"static","mass":1,"linearDamping":0,"angularDamping":0,"linearFactor":[1,1,1],"angularFactor":[1,1,1],"friction":0.5,"restitution":0.5}},"template_id":174805462,"template_ent_ids":{"d5e84727-e5d2-4aa5-9456-3e7167bb0ef1":"762257db-4ffd-4f49-9c08-09609afced81"}},"3ba413a6-f023-4475-8750-d2319f14369d":{"name":"Box","tags":[],"enabled":true,"resource_id":"3ba413a6-f023-4475-8750-d2319f14369d","parent":"3f57226a-e5a1-45b6-9107-cafdc0aea5c2","children":[],"position":[-4,1.6358100175857544,0.010872840881347656],"rotation":[0,0,0],"scale":[0.1,11.07,8],"components":{"render":{"enabled":true,"type":"box","asset":null,"materialAssets":[174805458],"layers":[0],"batchGroupId":null,"castShadows":false,"castShadowsLightmap":false,"receiveShadows":true,"lightmapped":false,"lightmapSizeMultiplier":1,"castShadowsLightMap":true,"lightMapped":false,"lightMapSizeMultiplier":1,"isStatic":false,"rootBone":null},"collision":{"enabled":true,"type":"box","halfExtents":[0.05,4,4],"radius":0.5,"axis":1,"height":2,"convexHull":false,"asset":null,"renderAsset":null,"linearOffset":[0,0,0],"angularOffset":[0,0,0]},"rigidbody":{"enabled":true,"type":"static","mass":1,"linearDamping":0,"angularDamping":0,"linearFactor":[1,1,1],"angularFactor":[1,1,1],"friction":0.5,"restitution":0.5}},"template_id":174805462,"template_ent_ids":{"3ba413a6-f023-4475-8750-d2319f14369d":"762257db-4ffd-4f49-9c08-09609afced81"}},"a3bd92b9-8ef2-4fac-b8b4-cc9d7da75e18":{"enabled":true,"tags":[],"children":["9ae2bf62-ebb1-45c2-adca-993f3eeea3b5"],"position":[3.4662091732025146,0.9897827506065369,1.0798821127373714],"rotation":[-180,-39.29131618021833,-180],"scale":[1,1,1],"resource_id":"a3bd92b9-8ef2-4fac-b8b4-cc9d7da75e18","name":"Kalimba","components":{},"parent":"605629d5-2d3d-467a-b36e-f4cbac4f3975","template_ent_ids":{"a3bd92b9-8ef2-4fac-b8b4-cc9d7da75e18":"9606815e-b529-40ce-b4bb-d0969ee7fe8d","9ae2bf62-ebb1-45c2-adca-993f3eeea3b5":"547cc31c-e4d8-4f33-9a63-82b1351f2e3b","989a2cac-6f87-49d6-9d1e-b1dc463dc278":"4b515e50-563c-4ba3-9efa-12106a586662"},"template_id":178090427},"9ae2bf62-ebb1-45c2-adca-993f3eeea3b5":{"enabled":true,"tags":[],"children":[],"position":[0.03782971408670788,-8.881784197001252e-16,-0.3399526881042849],"rotation":[-89.9999996237084,-42.6389051498903,-9.072376550495692e-7],"scale":[0.012,0.154,0.012],"resource_id":"9ae2bf62-ebb1-45c2-adca-993f3eeea3b5","name":"Cube.001","components":{"render":{"enabled":true,"type":"asset","asset":178090426,"materialAssets":[175834008],"layers":[0],"batchGroupId":null,"castShadows":true,"castShadowsLightmap":true,"receiveShadows":true,"lightmapped":false,"lightmapSizeMultiplier":1,"castShadowsLightMap":true,"lightMapped":false,"lightMapSizeMultiplier":1,"isStatic":false,"rootBone":null}},"parent":"a3bd92b9-8ef2-4fac-b8b4-cc9d7da75e18"},"3e96e287-ab7f-493e-a104-7644a0677445":{"name":"Lamp","tags":[],"enabled":true,"resource_id":"3e96e287-ab7f-493e-a104-7644a0677445","parent":"605629d5-2d3d-467a-b36e-f4cbac4f3975","children":["7c14b43e-14b4-4f9c-9603-1070654c8b27","9759d463-0c17-48cf-99e6-f3c87578a4ae"],"position":[3.8027825355529785,1.657278060913086,0.5527627369720477],"rotation":[0,-83.10318254636351,0],"scale":[1,1,1],"components":{},"template_id":176112975,"template_ent_ids":{"3e96e287-ab7f-493e-a104-7644a0677445":"6326e195-a1dc-4b1e-913f-c7c03c9855f7","7c14b43e-14b4-4f9c-9603-1070654c8b27":"4938bc55-bfa5-437c-91e9-b0890c6795a9"}},"7c14b43e-14b4-4f9c-9603-1070654c8b27":{"name":"Circle.001","tags":[],"enabled":true,"resource_id":"7c14b43e-14b4-4f9c-9603-1070654c8b27","parent":"3e96e287-ab7f-493e-a104-7644a0677445","children":[],"position":[7.45058e-7,0,0],"rotation":[-0.987309,0,0],"scale":[0.2,0.2,0.2],"components":{"render":{"enabled":true,"type":"asset","asset":176112974,"materialAssets":[175834008],"layers":[0],"batchGroupId":null,"castShadows":true,"castShadowsLightmap":true,"receiveShadows":true,"lightmapped":false,"lightmapSizeMultiplier":1,"castShadowsLightMap":true,"lightMapped":false,"lightMapSizeMultiplier":1,"isStatic":false,"rootBone":null}}},"9759d463-0c17-48cf-99e6-f3c87578a4ae":{"name":"Omni Light","tags":[],"enabled":true,"resource_id":"9759d463-0c17-48cf-99e6-f3c87578a4ae","parent":"3e96e287-ab7f-493e-a104-7644a0677445","children":[],"position":[-0.02126155813542141,0.04499483108520508,0.4133423429240324],"rotation":[0,-78.49694660940072,0],"scale":[1,1,1],"components":{"light":{"enabled":true,"type":"point","bake":true,"bakeArea":0,"bakeNumSamples":1,"bakeDir":true,"affectDynamic":true,"affectLightmapped":false,"affectSpecularity":true,"color":[1,0.8705882352941177,0.22745098039215686],"intensity":2,"castShadows":true,"shadowUpdateMode":1,"shadowType":0,"vsmBlurMode":1,"vsmBlurSize":11,"vsmBias":0.01,"shadowDistance":16,"shadowIntensity":1,"shadowResolution":256,"numCascades":1,"cascadeDistribution":0.5,"shadowBias":0.2,"normalOffsetBias":0.05,"range":2,"falloffMode":0,"innerConeAngle":40,"outerConeAngle":45,"shape":0,"cookieAsset":null,"cookieIntensity":1,"cookieFalloff":true,"cookieChannel":"rgb","cookieAngle":0,"cookieScale":[1,1],"cookieOffset":[0,0],"isStatic":true,"layers":[0]}}},"ba457aef-3826-45c3-8ac3-c43216f76568":{"enabled":true,"tags":[],"children":[],"position":[0,0,-0.0000019073486328125],"rotation":[0,0,0],"scale":[99.78861566013592,56.01193092578185,56.01193092578185],"resource_id":"ba457aef-3826-45c3-8ac3-c43216f76568","name":"Plane","components":{"render":{"enabled":true,"type":"asset","asset":181223220,"materialAssets":[175854800],"layers":[0],"batchGroupId":null,"castShadows":true,"castShadowsLightmap":true,"receiveShadows":true,"lightmapped":false,"lightmapSizeMultiplier":1,"castShadowsLightMap":true,"lightMapped":false,"lightMapSizeMultiplier":1,"isStatic":false,"rootBone":null}},"parent":"873c5945-82d5-4d68-80ce-52fa48c51897"},"b2fae17d-fc86-4c5f-ae13-eba88fb032fc":{"enabled":true,"tags":[],"children":["26652156-c051-43c5-a27a-4beca852cba7"],"position":[-3.9164202213287354,3.5,1.1911911964416504],"rotation":[89.99999999999996,90,0],"scale":[0.005898275908848041,0.005898275908848041,0.005898275908848041],"resource_id":"b2fae17d-fc86-4c5f-ae13-eba88fb032fc","name":"NeonText_ContantInfo","components":{},"parent":"605629d5-2d3d-467a-b36e-f4cbac4f3975","template_ent_ids":{"b2fae17d-fc86-4c5f-ae13-eba88fb032fc":"27f0f820-6159-4ea7-afc7-4a0dbac89d24","26652156-c051-43c5-a27a-4beca852cba7":"306efb5b-3202-4d06-915e-296918ccf940"},"template_id":181228945},"26652156-c051-43c5-a27a-4beca852cba7":{"enabled":true,"tags":[],"children":[],"position":[0,0,0],"rotation":[-90,0,0],"scale":[178.156,100,100],"resource_id":"26652156-c051-43c5-a27a-4beca852cba7","name":"Plane","components":{"render":{"enabled":true,"type":"asset","asset":181228944,"materialAssets":[181228942],"layers":[0],"batchGroupId":null,"castShadows":true,"castShadowsLightmap":true,"receiveShadows":true,"lightmapped":false,"lightmapSizeMultiplier":1,"castShadowsLightMap":true,"lightMapped":false,"lightMapSizeMultiplier":1,"isStatic":false,"rootBone":null}},"parent":"b2fae17d-fc86-4c5f-ae13-eba88fb032fc"},"898d107d-b8f1-46fb-b89a-c9bfb412ef3e":{"name":"Spot Light","tags":[],"enabled":true,"resource_id":"898d107d-b8f1-46fb-b89a-c9bfb412ef3e","parent":"873c5945-82d5-4d68-80ce-52fa48c51897","children":[],"position":[0,9.5367431640625e-7,124.21109907753441],"rotation":[89.99999999999999,0,0],"scale":[1,1,1],"components":{"light":{"enabled":true,"type":"spot","bake":true,"bakeArea":0,"bakeNumSamples":1,"bakeDir":true,"affectDynamic":false,"affectLightmapped":false,"affectSpecularity":true,"color":[1,0.2235294117647059,0.2235294117647059],"intensity":1,"castShadows":false,"shadowUpdateMode":2,"shadowType":0,"vsmBlurMode":1,"vsmBlurSize":11,"vsmBias":0.01,"shadowDistance":16,"shadowIntensity":1,"shadowResolution":1024,"numCascades":1,"cascadeDistribution":0.5,"shadowBias":0.2,"normalOffsetBias":0.05,"range":2,"falloffMode":0,"innerConeAngle":0,"outerConeAngle":61.84,"shape":0,"cookieAsset":null,"cookieIntensity":1,"cookieFalloff":true,"cookieChannel":"rgb","cookieAngle":0,"cookieScale":[1,1],"cookieOffset":[0,0],"isStatic":true,"layers":[0]}}},"e769a1a7-a231-474e-8e11-c636069c5bf7":{"name":"Spot Light","tags":[],"enabled":true,"resource_id":"e769a1a7-a231-474e-8e11-c636069c5bf7","parent":"873c5945-82d5-4d68-80ce-52fa48c51897","children":[],"position":[-277.72491633752657,9.5367431640625e-7,497.96663331985474],"rotation":[89.9999999999995,90,-2.4746529336980026e-13],"scale":[1,1,1],"components":{"light":{"enabled":true,"type":"spot","bake":true,"bakeArea":0,"bakeNumSamples":1,"bakeDir":true,"affectDynamic":true,"affectLightmapped":false,"affectSpecularity":true,"color":[1,0.35294117647058826,0.9176470588235294],"intensity":1,"castShadows":false,"shadowUpdateMode":2,"shadowType":0,"vsmBlurMode":1,"vsmBlurSize":11,"vsmBias":0.01,"shadowDistance":16,"shadowIntensity":1,"shadowResolution":1024,"numCascades":1,"cascadeDistribution":0.5,"shadowBias":0.2,"normalOffsetBias":0.05,"range":2,"falloffMode":0,"innerConeAngle":0,"outerConeAngle":61.84,"shape":0,"cookieAsset":null,"cookieIntensity":1,"cookieFalloff":true,"cookieChannel":"rgb","cookieAngle":0,"cookieScale":[1,1],"cookieOffset":[0,0],"isStatic":true,"layers":[0]}}},"2d827b71-6988-4dcc-be37-4f0c4fc38349":{"name":"Box","tags":[],"enabled":true,"resource_id":"2d827b71-6988-4dcc-be37-4f0c4fc38349","parent":"3f57226a-e5a1-45b6-9107-cafdc0aea5c2","children":[],"position":[-3.9096975326538086,-0.016377832725014863,0.010872840881347656],"rotation":[0,0,0],"scale":[0.1,0.41606983539250714,8],"components":{"render":{"enabled":true,"type":"box","asset":null,"materialAssets":[174805458],"layers":[0],"batchGroupId":null,"castShadows":false,"castShadowsLightmap":false,"receiveShadows":true,"lightmapped":false,"lightmapSizeMultiplier":1,"castShadowsLightMap":true,"lightMapped":false,"lightMapSizeMultiplier":1,"isStatic":false,"rootBone":null}},"template_id":174805462,"template_ent_ids":{"2d827b71-6988-4dcc-be37-4f0c4fc38349":"762257db-4ffd-4f49-9c08-09609afced81"}},"b602b24a-5cf8-41f0-9063-550ec4be4574":{"name":"Box","tags":[],"enabled":true,"resource_id":"b602b24a-5cf8-41f0-9063-550ec4be4574","parent":"3f57226a-e5a1-45b6-9107-cafdc0aea5c2","children":[],"position":[0,-0.016377832740545273,-3.8968280701088496],"rotation":[0,-90,0],"scale":[0.1,0.41606983539250714,8],"components":{"render":{"enabled":true,"type":"box","asset":null,"materialAssets":[174805458],"layers":[0],"batchGroupId":null,"castShadows":false,"castShadowsLightmap":false,"receiveShadows":true,"lightmapped":false,"lightmapSizeMultiplier":1,"castShadowsLightMap":true,"lightMapped":false,"lightMapSizeMultiplier":1,"isStatic":false,"rootBone":null}},"template_id":174805462,"template_ent_ids":{"b602b24a-5cf8-41f0-9063-550ec4be4574":"762257db-4ffd-4f49-9c08-09609afced81"}},"47337f23-d433-4e41-a969-1561aaeeca44":{"name":"Box","tags":[],"enabled":true,"resource_id":"47337f23-d433-4e41-a969-1561aaeeca44","parent":"3f57226a-e5a1-45b6-9107-cafdc0aea5c2","children":[],"position":[0,-0.016377832740545273,3.9042583695307815],"rotation":[0,-90,0],"scale":[0.1,0.41606983539250714,8],"components":{"render":{"enabled":true,"type":"box","asset":null,"materialAssets":[174805458],"layers":[0],"batchGroupId":null,"castShadows":false,"castShadowsLightmap":false,"receiveShadows":true,"lightmapped":false,"lightmapSizeMultiplier":1,"castShadowsLightMap":true,"lightMapped":false,"lightMapSizeMultiplier":1,"isStatic":false,"rootBone":null}},"template_id":174805462,"template_ent_ids":{"47337f23-d433-4e41-a969-1561aaeeca44":"762257db-4ffd-4f49-9c08-09609afced81"}},"5b53b22f-ab0a-47ba-9730-0aad5ac4a324":{"name":"Box","tags":[],"enabled":true,"resource_id":"5b53b22f-ab0a-47ba-9730-0aad5ac4a324","parent":"3f57226a-e5a1-45b6-9107-cafdc0aea5c2","children":[],"position":[3.91,-0.016377832725014863,0.010872840881347656],"rotation":[0,0,0],"scale":[0.1,0.41606983539250714,8],"components":{"render":{"enabled":true,"type":"box","asset":null,"materialAssets":[174805458],"layers":[0],"batchGroupId":null,"castShadows":false,"castShadowsLightmap":false,"receiveShadows":true,"lightmapped":false,"lightmapSizeMultiplier":1,"castShadowsLightMap":true,"lightMapped":false,"lightMapSizeMultiplier":1,"isStatic":false,"rootBone":null}},"template_id":174805462,"template_ent_ids":{"5b53b22f-ab0a-47ba-9730-0aad5ac4a324":"762257db-4ffd-4f49-9c08-09609afced81"}},"a85d21bf-bdfc-45ca-9764-cb83a74277e9":{"name":"Text","tags":[],"enabled":false,"resource_id":"a85d21bf-bdfc-45ca-9764-cb83a74277e9","parent":"9bf73e8f-629b-4686-9609-a937f54b0c43","children":[],"position":[0,2.459,0],"rotation":[0,0,0],"scale":[0.01,0.01,1],"components":{"element":{"enabled":true,"type":"text","anchor":[0.5,0.5,0.5,0.5],"pivot":[0.5,0.5],"text":"Engine: Unreal Engine 5\nRole: Developer","key":null,"fontAsset":175938618,"fontSize":16,"minFontSize":8,"maxFontSize":32,"autoFitWidth":false,"autoFitHeight":false,"maxLines":null,"lineHeight":20,"wrapLines":true,"spacing":1,"color":[1,1,1],"opacity":1,"textureAsset":null,"spriteAsset":null,"spriteFrame":0,"pixelsPerUnit":null,"width":160,"height":35.536,"margin":[-80,-15.309,-80,-20.227],"alignment":[0.5,0.5],"outlineColor":[0,0,0,1],"outlineThickness":0,"shadowColor":[0,0,0,1],"shadowOffset":[0,0],"rect":[0,0,1,1],"materialAsset":null,"autoWidth":false,"autoHeight":true,"fitMode":"stretch","useInput":false,"batchGroupId":null,"mask":false,"layers":[4],"enableMarkup":false}}},"ddc4108d-422d-4cfc-9cec-ec516534719b":{"name":"Text","tags":[],"enabled":false,"resource_id":"ddc4108d-422d-4cfc-9cec-ec516534719b","parent":"35b9bd7e-99ff-4e8f-9051-794d38f2282f","children":[],"position":[0,2.459,0],"rotation":[0,0,0],"scale":[0.01,0.01,1],"components":{"element":{"enabled":true,"type":"text","anchor":[0.5,0.5,0.5,0.5],"pivot":[0.5,0.5],"text":"Engine: Unity\nRole: Developer, Game Designer","key":null,"fontAsset":175938618,"fontSize":16,"minFontSize":8,"maxFontSize":32,"autoFitWidth":false,"autoFitHeight":false,"maxLines":null,"lineHeight":20,"wrapLines":true,"spacing":1,"color":[1,1,1],"opacity":1,"textureAsset":null,"spriteAsset":null,"spriteFrame":0,"pixelsPerUnit":null,"width":160,"height":55.536,"margin":[-80,-25.309,-80,-30.227],"alignment":[0.5,0.5],"outlineColor":[0,0,0,1],"outlineThickness":0,"shadowColor":[0,0,0,1],"shadowOffset":[0,0],"rect":[0,0,1,1],"materialAsset":null,"autoWidth":false,"autoHeight":true,"fitMode":"stretch","useInput":false,"batchGroupId":null,"mask":false,"layers":[4],"enableMarkup":false}}},"ac5e46b5-4bec-4bee-921e-532fcc46c4c3":{"name":"Text","tags":[],"enabled":false,"resource_id":"ac5e46b5-4bec-4bee-921e-532fcc46c4c3","parent":"eb264f8f-32d0-4275-b983-c9a815dab93e","children":[],"position":[0,2.459,0],"rotation":[0,0,0],"scale":[0.01,0.01,1],"components":{"element":{"enabled":true,"type":"text","anchor":[0.5,0.5,0.5,0.5],"pivot":[0.5,0.5],"text":"Engine: Unity\nRole: Developer, Designer, Tech Artist","key":null,"fontAsset":175938618,"fontSize":16,"minFontSize":8,"maxFontSize":32,"autoFitWidth":false,"autoFitHeight":false,"maxLines":null,"lineHeight":20,"wrapLines":true,"spacing":1,"color":[1,1,1],"opacity":1,"textureAsset":null,"spriteAsset":null,"spriteFrame":0,"pixelsPerUnit":null,"width":160,"height":55.536,"margin":[-80,-25.309,-80,-30.227],"alignment":[0.5,0.5],"outlineColor":[0,0,0,1],"outlineThickness":0,"shadowColor":[0,0,0,1],"shadowOffset":[0,0],"rect":[0,0,1,1],"materialAsset":null,"autoWidth":false,"autoHeight":true,"fitMode":"stretch","useInput":false,"batchGroupId":null,"mask":false,"layers":[4],"enableMarkup":false}}},"a74d65c0-9b0c-4d9e-b3a9-03b40d1702e4":{"name":"Text","tags":[],"enabled":false,"resource_id":"a74d65c0-9b0c-4d9e-b3a9-03b40d1702e4","parent":"e0090eec-6d71-49d6-89e6-5ebbba31ceb4","children":[],"position":[0,2.459,0],"rotation":[0,0,0],"scale":[0.01,0.01,1],"components":{"element":{"enabled":true,"type":"text","anchor":[0.5,0.5,0.5,0.5],"pivot":[0.5,0.5],"text":"Engine: Unity\nRole: Developer, \nTech Artist, Tools Designer","key":null,"fontAsset":175938618,"fontSize":16,"minFontSize":8,"maxFontSize":32,"autoFitWidth":false,"autoFitHeight":false,"maxLines":null,"lineHeight":20,"wrapLines":true,"spacing":1,"color":[1,1,1],"opacity":1,"textureAsset":null,"spriteAsset":null,"spriteFrame":0,"pixelsPerUnit":null,"width":160,"height":55.536,"margin":[-80,-25.309,-80,-30.227],"alignment":[0.5,0.5],"outlineColor":[0,0,0,1],"outlineThickness":0,"shadowColor":[0,0,0,1],"shadowOffset":[0,0],"rect":[0,0,1,1],"materialAsset":null,"autoWidth":false,"autoHeight":true,"fitMode":"stretch","useInput":false,"batchGroupId":null,"mask":false,"layers":[4],"enableMarkup":false}}},"ead3a751-84a8-4f9d-8c92-c950b729f4f0":{"enabled":true,"tags":[],"children":["b90fa4b2-81a7-4539-b8e4-7b7be53c04ae","01844049-c324-4431-95c0-073e13a4e78a"],"position":[3.3336468670984827,0.891002953052521,1.9609282458095265],"rotation":[180,0.26368864975465633,180],"scale":[0.003,0.003,0.003],"resource_id":"ead3a751-84a8-4f9d-8c92-c950b729f4f0","name":"TVAndConsole","components":{"collision":{"enabled":true,"type":"box","halfExtents":[0.3,0.42,0.3],"radius":0.5,"axis":1,"height":2,"convexHull":false,"asset":null,"renderAsset":null,"linearOffset":[0,0.39,0],"angularOffset":[0,0,0]},"rigidbody":{"enabled":true,"type":"static","mass":1,"linearDamping":0,"angularDamping":0,"linearFactor":[1,1,1],"angularFactor":[1,1,1],"friction":0.5,"restitution":0.5},"script":{"enabled":true,"order":["interactable"],"scripts":{"interactable":{"enabled":true,"attributes":{"panelName":"cubarunPanel","isExternalLink":false,"interactionMessage":"View","DetailsText":null}}}}},"parent":"605629d5-2d3d-467a-b36e-f4cbac4f3975","template_ent_ids":{"ead3a751-84a8-4f9d-8c92-c950b729f4f0":"21c93ca8-8873-4e24-8d84-0f454f6ac69b","b90fa4b2-81a7-4539-b8e4-7b7be53c04ae":"67202bf6-13cc-4fc8-b522-32f9b418cfcb","01844049-c324-4431-95c0-073e13a4e78a":"906887a8-439c-457a-a0ef-3ecdb7ad2ae7"},"template_id":191713944},"b90fa4b2-81a7-4539-b8e4-7b7be53c04ae":{"enabled":true,"tags":[],"children":[],"position":[0,169.863,0],"rotation":[-90,-19.2651,0],"scale":[100,100,100],"resource_id":"b90fa4b2-81a7-4539-b8e4-7b7be53c04ae","name":"Cube","components":{"render":{"enabled":true,"type":"asset","asset":191713942,"materialAssets":[175834008,177073043],"layers":[0],"batchGroupId":null,"castShadows":true,"castShadowsLightmap":true,"receiveShadows":true,"lightmapped":false,"lightmapSizeMultiplier":1,"castShadowsLightMap":true,"lightMapped":false,"lightMapSizeMultiplier":1,"isStatic":false,"rootBone":null},"script":{"enabled":true,"order":["videoTexture","tvScreen"],"scripts":{"videoTexture":{"enabled":true,"attributes":{"videoAsset":177073069,"videoUrl":"","playEvent":"cubarun"}},"tvScreen":{"enabled":true,"attributes":{"screenMaterial":177073043,"playEvent":"cubarun"}}}}},"parent":"ead3a751-84a8-4f9d-8c92-c950b729f4f0"},"01844049-c324-4431-95c0-073e13a4e78a":{"enabled":true,"tags":[],"children":[],"position":[93.8185,11.715,82.9292],"rotation":[-90,0,0],"scale":[9.7073,8.7734,3.51393],"resource_id":"01844049-c324-4431-95c0-073e13a4e78a","name":"Cube.002","components":{"render":{"enabled":true,"type":"asset","asset":191713943,"materialAssets":[175834008],"layers":[0],"batchGroupId":null,"castShadows":true,"castShadowsLightmap":true,"receiveShadows":true,"lightmapped":false,"lightmapSizeMultiplier":1,"castShadowsLightMap":true,"lightMapped":false,"lightMapSizeMultiplier":1,"isStatic":false,"rootBone":null}},"parent":"ead3a751-84a8-4f9d-8c92-c950b729f4f0"},"1099e70c-0d80-4401-8ebc-eb98175c7934":{"enabled":true,"tags":[],"children":["0f26a1f0-35b1-4805-9a70-4c06908af31b","8801b90b-a1f1-4300-a424-99670d643928"],"position":[3.916,3.5,1.191],"rotation":[89.99999999999999,-90,0],"scale":[0.006,0.006,0.006],"resource_id":"1099e70c-0d80-4401-8ebc-eb98175c7934","name":"NeonText_Miniprojects","components":{},"parent":"605629d5-2d3d-467a-b36e-f4cbac4f3975"},"0f26a1f0-35b1-4805-9a70-4c06908af31b":{"enabled":true,"tags":[],"children":[],"position":[0,0,0],"rotation":[-90,0,0],"scale":[178.156,100,100],"resource_id":"0f26a1f0-35b1-4805-9a70-4c06908af31b","name":"Plane.001","components":{"render":{"enabled":true,"type":"asset","asset":198906416,"materialAssets":[191797472],"layers":[0],"batchGroupId":null,"castShadows":true,"castShadowsLightmap":true,"receiveShadows":true,"lightmapped":false,"lightmapSizeMultiplier":1,"castShadowsLightMap":true,"lightMapped":false,"lightMapSizeMultiplier":1,"isStatic":false,"rootBone":null}},"parent":"1099e70c-0d80-4401-8ebc-eb98175c7934"},"8801b90b-a1f1-4300-a424-99670d643928":{"enabled":true,"tags":[],"children":[],"position":[-91.107,5.13232,-11.7722],"rotation":[-90,0,0],"scale":[2.85711,2.85711,2.85711],"resource_id":"8801b90b-a1f1-4300-a424-99670d643928","name":"Cylinder","components":{"render":{"enabled":true,"type":"asset","asset":198906417,"materialAssets":[191797472],"layers":[0],"batchGroupId":null,"castShadows":true,"castShadowsLightmap":true,"receiveShadows":true,"lightmapped":false,"lightmapSizeMultiplier":1,"castShadowsLightMap":true,"lightMapped":false,"lightMapSizeMultiplier":1,"isStatic":false,"rootBone":null}},"parent":"1099e70c-0d80-4401-8ebc-eb98175c7934"}},"created":"2024-02-24T03:45:58.256Z","checkpoint_id":"c450c742-2566-41de-aa09-7aaf415555dd","id":1956787}